degree,const,err
0,0.0075,0.00018
5,0.01719,0.00017
10,0.02208,0.00018
15,0.02259,0.00021
20,0.07386,0.00026
30,0.271,0.00009
40,0.5947,0.0002
50,0.7393,0.0003
60,0.9579,0.0001
65,1.001,0.00009
